ticket_id,customer_id,agent_id,created_at,first_response_at,resolved_at,channel,category,priority,ai_assisted,escalated,status,csat_score
1001,18,5,2026-05-17 08:45:00,2026-05-17 09:10:00,2026-05-17 12:03:00,Chat,Cancellation,Low,1,1,Resolved,
1002,144,4,2026-03-15 09:31:00,2026-03-15 11:21:00,,Email,Delayed Flight,High,0,0,Open,
1003,12,2,2026-06-26 12:45:00,2026-06-26 12:57:00,,Chat,Payment Question,High,1,0,Open,
1004,76,4,2026-06-17 11:21:00,2026-06-17 11:52:00,2026-06-17 12:04:00,Email,Account Access,Normal,1,0,Resolved,5
1005,91,3,2026-05-28 11:12:00,2026-05-28 11:42:00,2026-05-28 14:22:00,Chat,Order Change,Normal,1,0,Resolved,4
1006,140,2,2026-05-17 17:40:00,2026-05-17 18:09:00,2026-05-17 20:07:00,Email,Payment Question,Normal,1,0,Resolved,5
1007,45,3,2026-06-13 12:25:00,2026-06-13 12:39:00,2026-06-13 14:59:00,Chat,Package Recommendation,Normal,1,0,Resolved,5
1008,86,4,2026-04-13 12:45:00,2026-04-13 12:49:00,2026-04-13 14:26:00,Email,Package Recommendation,Normal,1,0,Resolved,5
1009,147,5,2026-03-10 17:24:00,2026-03-10 17:27:00,2026-03-11 00:10:00,Email,Cancellation,High,1,1,Resolved,3
1010,151,4,2026-01-12 16:19:00,2026-01-12 16:24:00,2026-01-13 00:34:00,Phone,Cancellation,Normal,0,0,Resolved,4
1011,123,1,2026-02-01 09:49:00,2026-02-01 10:13:00,2026-02-01 18:59:00,Email,Delayed Flight,Normal,0,0,Resolved,
1012,67,1,2026-03-08 13:50:00,2026-03-08 14:21:00,2026-03-08 16:21:00,Email,Package Recommendation,Normal,1,0,Resolved,5
1013,165,3,2026-02-07 12:23:00,2026-02-07 12:24:00,,Phone,Cancellation,Normal,0,0,Open,
1014,143,2,2026-02-12 17:42:00,2026-02-12 18:36:00,2026-02-12 23:29:00,Email,Travel Agent Support,Low,0,0,Resolved,5
1015,161,2,2026-04-01 19:41:00,2026-04-01 20:22:00,2026-04-01 22:45:00,Email,Order Change,Normal,0,0,Resolved,5
1016,88,5,2026-04-09 08:28:00,2026-04-09 08:30:00,2026-04-09 17:30:00,Phone,Cancellation,Normal,0,1,Resolved,3
1017,63,1,2026-06-30 12:59:00,2026-06-30 14:24:00,2026-06-30 20:58:00,Web Form,Cancellation,High,0,0,Resolved,
1018,146,1,2026-03-23 17:04:00,2026-03-23 17:07:00,2026-03-23 19:40:00,Email,Order Change,Normal,1,0,Resolved,5
1019,77,2,2026-04-16 17:55:00,2026-04-16 20:23:00,2026-04-16 21:26:00,Email,Package Recommendation,Normal,0,0,Resolved,5
1020,137,4,2026-01-14 08:44:00,2026-01-14 08:50:00,2026-01-14 11:24:00,Chat,Order Change,Normal,1,1,Resolved,
1021,148,3,2026-03-22 08:37:00,2026-03-22 08:42:00,2026-03-22 22:36:00,Phone,Cancellation,Normal,0,1,Resolved,3
1022,2,2,2026-04-02 09:15:00,2026-04-02 09:22:00,2026-04-02 16:11:00,Web Form,Cancellation,Low,1,0,Resolved,4
1023,59,3,2026-01-26 09:22:00,2026-01-26 09:49:00,2026-01-26 11:58:00,Web Form,Package Recommendation,Low,1,0,Resolved,4
1024,91,3,2026-06-28 17:53:00,2026-06-28 18:20:00,2026-06-29 01:54:00,Chat,Delayed Flight,Normal,1,0,Resolved,4
1025,154,5,2026-04-28 19:43:00,2026-04-28 21:55:00,2026-04-29 05:47:00,Email,Cancellation,High,0,1,Resolved,2
1026,43,1,2026-04-07 17:55:00,2026-04-07 18:10:00,2026-04-07 19:19:00,Email,Package Recommendation,Normal,1,0,Resolved,
1027,177,1,2026-04-09 16:30:00,2026-04-09 19:34:00,2026-04-10 03:41:00,Email,Delayed Flight,Normal,0,0,Resolved,
1028,135,4,2026-05-07 17:30:00,2026-05-07 18:02:00,2026-05-07 21:30:00,Chat,Cancellation,Normal,1,0,Resolved,
1029,122,4,2026-01-21 18:26:00,2026-01-21 18:39:00,2026-01-22 04:33:00,Email,Cancellation,Normal,1,1,Resolved,
1030,38,1,2026-05-21 10:41:00,2026-05-21 11:49:00,2026-05-21 14:43:00,Email,Order Change,Normal,0,0,Resolved,4
1031,85,3,2026-04-18 16:49:00,2026-04-18 17:16:00,2026-04-18 21:03:00,Email,Payment Question,Normal,1,0,Resolved,4
1032,176,1,2026-04-18 15:03:00,2026-04-18 15:34:00,2026-04-18 18:44:00,Email,Payment Question,Normal,1,0,Resolved,5
1033,28,1,2026-01-13 12:39:00,2026-01-13 15:08:00,2026-01-13 22:06:00,Web Form,Delayed Flight,High,0,0,Resolved,4
1034,110,1,2026-02-04 08:36:00,2026-02-04 08:46:00,2026-02-04 10:09:00,Email,Account Access,Normal,1,0,Resolved,5
1035,116,1,2026-05-03 14:29:00,2026-05-03 14:40:00,,Email,Account Access,Normal,1,0,Open,
1036,63,5,2026-03-02 16:53:00,2026-03-02 16:58:00,2026-03-03 05:15:00,Email,Cancellation,Low,1,1,Resolved,
1037,128,4,2026-04-09 09:58:00,2026-04-09 10:31:00,2026-04-09 12:58:00,Chat,Package Recommendation,Normal,1,0,Resolved,5
1038,162,5,2026-02-01 14:17:00,2026-02-01 14:43:00,2026-02-01 21:44:00,Chat,Cancellation,Normal,1,1,Resolved,3
1039,133,5,2026-06-27 16:49:00,2026-06-27 16:56:00,2026-06-28 00:39:00,Phone,Cancellation,Normal,0,1,Resolved,3
1040,69,5,2026-06-29 11:53:00,2026-06-29 12:03:00,,Web Form,Order Change,Normal,1,1,Open,
1041,171,4,2026-05-16 09:12:00,2026-05-16 10:38:00,2026-05-16 10:34:00,Email,Account Access,Normal,0,0,Resolved,4
1042,143,5,2026-01-04 18:11:00,2026-01-04 20:51:00,2026-01-05 03:34:00,Email,Travel Agent Support,High,0,1,Resolved,
1043,150,4,2026-06-06 10:11:00,2026-06-06 10:34:00,2026-06-06 14:48:00,Chat,Cancellation,Normal,1,1,Resolved,3
1044,93,1,2026-01-30 13:29:00,2026-01-30 13:59:00,2026-01-30 14:18:00,Email,Account Access,High,1,0,Resolved,5
1045,107,1,2026-06-25 19:33:00,2026-06-25 20:02:00,2026-06-25 22:02:00,Chat,Package Recommendation,Low,1,0,Resolved,5
1046,71,4,2026-05-13 09:01:00,2026-05-13 09:14:00,2026-05-13 11:04:00,Email,Payment Question,Normal,1,0,Resolved,5
1047,168,3,2026-02-09 09:22:00,2026-02-09 10:23:00,2026-02-09 11:10:00,Chat,Account Access,Low,0,0,Resolved,5
1048,168,5,2026-03-07 13:09:00,2026-03-07 13:42:00,2026-03-07 23:32:00,Chat,Delayed Flight,Normal,1,1,Resolved,
1049,133,4,2026-03-25 16:14:00,2026-03-25 16:21:00,2026-03-25 19:23:00,Phone,Cancellation,Normal,0,0,Resolved,5
1050,60,3,2026-01-26 15:44:00,2026-01-26 17:17:00,2026-01-26 20:46:00,Web Form,Order Change,Low,0,0,Resolved,4
1051,149,4,2026-03-25 17:24:00,2026-03-25 17:46:00,2026-03-25 19:23:00,Email,Package Recommendation,Normal,1,0,Resolved,
1052,118,4,2026-05-22 15:46:00,2026-05-22 17:37:00,,Email,Travel Agent Support,Low,0,0,Open,
1053,29,4,2026-01-10 08:06:00,2026-01-10 08:20:00,2026-01-10 11:12:00,Web Form,Payment Question,High,1,1,Resolved,4
1054,32,3,2026-05-10 15:17:00,2026-05-10 15:25:00,2026-05-11 00:07:00,Phone,Delayed Flight,Normal,0,0,Resolved,3
1055,100,2,2026-04-16 19:45:00,2026-04-16 20:16:00,2026-04-17 00:28:00,Chat,Order Change,High,1,1,Resolved,3
1056,104,4,2026-02-04 17:11:00,2026-02-04 17:34:00,2026-02-04 18:13:00,Chat,Package Recommendation,High,0,0,Resolved,5
1057,41,1,2026-01-10 19:14:00,2026-01-10 19:15:00,2026-01-10 22:20:00,Phone,Account Access,Normal,0,0,Resolved,
1058,111,1,2026-05-21 17:17:00,2026-05-21 17:26:00,2026-05-22 00:10:00,Email,Travel Agent Support,Normal,1,0,Resolved,4
1059,121,1,2026-04-12 10:50:00,2026-04-12 13:13:00,2026-04-12 14:49:00,Email,Travel Agent Support,Normal,0,0,Resolved,
1060,61,2,2026-06-17 17:15:00,2026-06-17 17:46:00,2026-06-17 19:07:00,Email,Account Access,Normal,0,0,Resolved,5
1061,34,1,2026-01-24 13:28:00,2026-01-24 14:20:00,2026-01-24 18:09:00,Email,Travel Agent Support,Low,0,0,Resolved,4
1062,29,4,2026-05-08 15:40:00,2026-05-08 16:01:00,2026-05-08 20:15:00,Web Form,Travel Agent Support,High,1,0,Resolved,
1063,82,3,2026-02-24 18:46:00,2026-02-24 19:12:00,2026-02-24 21:56:00,Chat,Account Access,Low,0,0,Resolved,5
1064,149,5,2026-01-04 17:51:00,2026-01-04 17:59:00,,Phone,Delayed Flight,Normal,0,1,Open,
1065,120,3,2026-04-11 14:02:00,2026-04-11 14:35:00,2026-04-11 20:53:00,Chat,Cancellation,Normal,1,0,Resolved,5
1066,78,3,2026-05-26 09:50:00,2026-05-26 12:45:00,2026-05-26 13:07:00,Web Form,Cancellation,Normal,0,0,Resolved,
1067,26,2,2026-05-27 10:57:00,2026-05-27 11:07:00,2026-05-27 17:20:00,Email,Cancellation,Low,1,0,Resolved,4
1068,44,2,2026-05-13 12:25:00,2026-05-13 12:48:00,,Chat,Package Recommendation,Normal,1,0,Open,
1069,22,2,2026-03-24 15:34:00,2026-03-24 16:09:00,2026-03-24 19:23:00,Chat,Travel Agent Support,Normal,1,0,Resolved,5
1070,15,3,2026-06-25 14:34:00,2026-06-25 14:40:00,2026-06-25 17:22:00,Email,Package Recommendation,Normal,1,0,Resolved,5
1071,113,2,2026-03-15 14:09:00,2026-03-15 14:22:00,2026-03-15 15:58:00,Web Form,Account Access,Normal,1,0,Resolved,
1072,18,1,2026-03-08 08:42:00,2026-03-08 08:48:00,2026-03-08 10:28:00,Chat,Account Access,Normal,1,0,Resolved,5
1073,170,5,2026-01-08 15:10:00,2026-01-08 15:13:00,2026-01-08 21:12:00,Phone,Order Change,High,0,1,Resolved,2
1074,19,2,2026-06-24 08:54:00,2026-06-24 09:18:00,2026-06-24 15:13:00,Email,Delayed Flight,Normal,1,0,Resolved,4
1075,167,1,2026-01-25 15:00:00,2026-01-25 15:22:00,2026-01-25 16:23:00,Web Form,Payment Question,Normal,1,0,Resolved,
1076,52,1,2026-03-20 16:27:00,2026-03-20 19:26:00,2026-03-20 22:22:00,Web Form,Cancellation,Normal,0,0,Resolved,4
1077,43,3,2026-01-17 10:12:00,2026-01-17 10:26:00,2026-01-17 11:08:00,Chat,Account Access,Normal,1,0,Resolved,5
1078,7,1,2026-02-26 13:32:00,2026-02-26 16:23:00,2026-02-27 00:45:00,Email,Order Change,Low,0,1,Resolved,1
1079,66,1,2026-04-11 16:30:00,2026-04-11 16:34:00,2026-04-11 18:10:00,Phone,Package Recommendation,Normal,0,0,Resolved,5
1080,112,1,2026-02-18 18:18:00,2026-02-18 18:41:00,2026-02-18 20:06:00,Chat,Order Change,Low,1,0,Resolved,5
1081,122,4,2026-06-13 18:07:00,2026-06-13 18:25:00,2026-06-14 01:50:00,Web Form,Order Change,Normal,1,1,Resolved,4
1082,53,5,2026-02-19 19:14:00,2026-02-19 19:16:00,2026-02-20 08:27:00,Phone,Travel Agent Support,Normal,0,1,Resolved,
1083,98,3,2026-02-10 15:40:00,2026-02-10 15:49:00,2026-02-10 17:17:00,Chat,Package Recommendation,Normal,1,0,Resolved,5
1084,156,5,2026-04-03 18:24:00,2026-04-03 20:15:00,2026-04-04 09:06:00,Chat,Travel Agent Support,Normal,0,1,Resolved,2
1085,14,3,2026-01-19 11:05:00,2026-01-19 11:32:00,2026-01-19 12:50:00,Email,Account Access,Normal,1,0,Resolved,5
1086,66,3,2026-02-12 11:52:00,2026-02-12 12:34:00,2026-02-12 15:34:00,Chat,Delayed Flight,High,0,0,Resolved,5
1087,97,5,2026-01-23 12:24:00,2026-01-23 12:33:00,2026-01-23 22:06:00,Email,Travel Agent Support,Normal,1,1,Resolved,2
1088,107,2,2026-06-19 11:20:00,2026-06-19 13:55:00,2026-06-19 15:27:00,Chat,Order Change,Normal,0,0,Resolved,4
1089,54,1,2026-04-20 08:31:00,2026-04-20 09:02:00,2026-04-20 10:57:00,Chat,Account Access,Low,1,0,Resolved,5
1090,109,2,2026-04-02 19:25:00,2026-04-02 19:46:00,2026-04-03 00:03:00,Chat,Order Change,Low,0,0,Resolved,3
1091,133,3,2026-02-23 13:43:00,2026-02-23 14:41:00,2026-02-24 01:55:00,Chat,Delayed Flight,Normal,0,0,Resolved,
1092,54,2,2026-06-07 18:30:00,2026-06-07 21:23:00,,Chat,Order Change,Normal,0,0,Open,
1093,28,2,2026-04-19 13:10:00,2026-04-19 15:27:00,2026-04-19 15:10:00,Web Form,Account Access,Normal,0,0,Resolved,5
1094,134,3,2026-06-27 13:07:00,2026-06-27 13:11:00,2026-06-27 17:06:00,Phone,Package Recommendation,Low,0,0,Resolved,5
1095,78,2,2026-06-13 10:02:00,2026-06-13 10:15:00,2026-06-13 14:28:00,Chat,Cancellation,High,1,0,Resolved,5
1096,179,5,2026-05-26 12:36:00,2026-05-26 13:05:00,2026-05-26 16:48:00,Web Form,Travel Agent Support,Normal,1,1,Resolved,3
1097,39,5,2026-02-07 13:38:00,2026-02-07 15:10:00,2026-02-07 22:19:00,Email,Cancellation,Normal,0,1,Resolved,3
1098,139,3,2026-03-18 19:19:00,2026-03-18 19:28:00,2026-03-18 21:39:00,Chat,Cancellation,Low,1,0,Resolved,5
1099,79,3,2026-03-11 17:14:00,2026-03-11 17:16:00,2026-03-11 19:10:00,Web Form,Cancellation,Normal,1,0,Resolved,4
1100,128,4,2026-01-10 12:28:00,2026-01-10 12:45:00,2026-01-10 15:19:00,Email,Payment Question,High,1,0,Resolved,5
1101,99,1,2026-02-18 09:55:00,2026-02-18 10:48:00,2026-02-18 14:57:00,Email,Order Change,Normal,0,0,Resolved,5
1102,2,4,2026-01-28 15:45:00,2026-01-28 15:46:00,2026-01-28 19:29:00,Phone,Order Change,Normal,0,0,Resolved,5
1103,168,2,2026-02-01 13:37:00,2026-02-01 13:58:00,,Web Form,Account Access,Normal,1,0,Open,
1104,8,4,2026-03-27 17:25:00,2026-03-27 20:02:00,2026-03-28 04:50:00,Web Form,Delayed Flight,Low,0,0,Resolved,
1105,53,4,2026-02-23 08:40:00,2026-02-23 09:12:00,2026-02-23 16:06:00,Chat,Cancellation,Normal,1,0,Resolved,4
1106,74,4,2026-02-22 15:49:00,2026-02-22 15:53:00,2026-02-22 19:08:00,Phone,Package Recommendation,Low,0,0,Resolved,5
1107,3,1,2026-03-19 11:55:00,2026-03-19 12:28:00,2026-03-19 18:37:00,Chat,Cancellation,Normal,1,0,Resolved,3
1108,9,4,2026-06-20 19:03:00,2026-06-20 19:36:00,,Web Form,Cancellation,Normal,1,1,Open,
1109,119,5,2026-01-08 17:04:00,2026-01-08 17:41:00,2026-01-09 05:44:00,Email,Travel Agent Support,Normal,0,1,Resolved,3
1110,145,4,2026-02-26 16:36:00,2026-02-26 16:53:00,2026-02-26 21:09:00,Web Form,Cancellation,Normal,1,0,Resolved,4
1111,101,1,2026-04-18 13:54:00,2026-04-18 14:16:00,2026-04-18 19:56:00,Chat,Delayed Flight,Normal,0,0,Resolved,4
1112,18,4,2026-04-27 13:21:00,2026-04-27 16:25:00,2026-04-27 15:45:00,Email,Package Recommendation,Low,0,0,Resolved,4
1113,171,1,2026-01-30 09:37:00,2026-01-30 10:06:00,2026-01-30 15:00:00,Web Form,Cancellation,Low,1,0,Resolved,4
1114,24,4,2026-03-27 16:50:00,2026-03-27 17:25:00,2026-03-27 18:43:00,Chat,Account Access,High,1,0,Resolved,5
1115,41,2,2026-06-17 15:19:00,2026-06-17 17:24:00,2026-06-17 22:01:00,Chat,Travel Agent Support,High,0,1,Resolved,
1116,121,1,2026-02-22 17:08:00,2026-02-22 17:09:00,2026-02-22 18:13:00,Phone,Account Access,Normal,0,0,Resolved,
1117,137,4,2026-05-01 15:35:00,2026-05-01 16:03:00,2026-05-02 00:18:00,Email,Order Change,Normal,1,1,Resolved,4
1118,76,3,2026-05-06 09:15:00,2026-05-06 09:37:00,2026-05-06 10:15:00,Email,Account Access,Normal,1,0,Resolved,5
1119,72,2,2026-05-03 13:15:00,2026-05-03 13:46:00,2026-05-03 16:35:00,Email,Travel Agent Support,Normal,1,0,Resolved,5
1120,110,3,2026-05-23 13:17:00,2026-05-23 13:22:00,2026-05-23 16:04:00,Email,Package Recommendation,Low,1,0,Resolved,5
1121,110,3,2026-01-29 12:21:00,2026-01-29 12:30:00,2026-01-29 18:08:00,Email,Travel Agent Support,Low,1,0,Resolved,
1122,70,1,2026-05-13 13:33:00,2026-05-13 13:35:00,2026-05-13 15:20:00,Web Form,Account Access,Normal,1,0,Resolved,4
1123,103,1,2026-04-06 15:53:00,2026-04-06 16:05:00,2026-04-06 20:38:00,Email,Order Change,Normal,1,1,Resolved,2
1124,14,4,2026-06-24 17:33:00,2026-06-24 17:43:00,2026-06-24 22:13:00,Web Form,Travel Agent Support,Low,1,0,Resolved,
1125,107,3,2026-01-08 09:28:00,2026-01-08 10:07:00,2026-01-08 13:24:00,Chat,Payment Question,Low,0,0,Resolved,
1126,23,4,2026-05-01 10:28:00,2026-05-01 10:30:00,2026-05-01 19:47:00,Phone,Travel Agent Support,Normal,0,0,Resolved,
1127,51,3,2026-05-18 10:28:00,2026-05-18 10:46:00,2026-05-18 11:45:00,Chat,Package Recommendation,Normal,1,0,Resolved,5
1128,54,3,2026-03-25 16:59:00,2026-03-25 18:56:00,2026-03-25 23:43:00,Email,Delayed Flight,High,0,0,Resolved,4
1129,126,4,2026-03-14 15:09:00,2026-03-14 16:49:00,2026-03-15 01:19:00,Email,Delayed Flight,Normal,0,0,Resolved,
1130,85,2,2026-05-27 15:48:00,2026-05-27 16:22:00,2026-05-27 18:02:00,Chat,Account Access,Normal,1,0,Resolved,5
1131,115,4,2026-06-26 11:58:00,2026-06-26 12:15:00,2026-06-26 14:15:00,Chat,Account Access,Normal,1,0,Resolved,
1132,115,4,2026-04-03 10:52:00,2026-04-03 11:06:00,2026-04-03 14:52:00,Email,Order Change,Normal,1,0,Resolved,5
1133,143,2,2026-03-30 17:08:00,2026-03-30 17:47:00,2026-03-31 02:05:00,Chat,Cancellation,Normal,0,0,Resolved,
1134,99,3,2026-01-06 18:15:00,2026-01-06 18:57:00,2026-01-06 23:14:00,Email,Cancellation,High,0,0,Resolved,
1135,65,3,2026-02-20 08:50:00,2026-02-20 09:24:00,2026-02-20 10:26:00,Web Form,Order Change,Normal,1,0,Resolved,5
1136,91,1,2026-02-24 08:38:00,2026-02-24 09:12:00,2026-02-24 12:58:00,Web Form,Payment Question,Normal,1,0,Resolved,
1137,133,4,2026-03-16 17:30:00,2026-03-16 17:37:00,2026-03-16 21:36:00,Email,Delayed Flight,High,1,0,Resolved,4
1138,134,1,2026-01-14 19:06:00,2026-01-14 19:36:00,2026-01-15 00:45:00,Email,Cancellation,Normal,1,0,Resolved,4
1139,70,2,2026-02-08 12:22:00,2026-02-08 12:28:00,2026-02-08 13:13:00,Email,Account Access,High,1,0,Resolved,
1140,37,2,2026-02-21 14:19:00,2026-02-21 15:44:00,2026-02-21 19:30:00,Web Form,Order Change,Normal,0,0,Resolved,4
1141,14,1,2026-03-29 16:54:00,2026-03-29 17:13:00,2026-03-29 19:21:00,Email,Travel Agent Support,High,1,0,Resolved,4
1142,66,2,2026-05-18 12:09:00,2026-05-18 12:45:00,2026-05-18 16:01:00,Chat,Order Change,High,0,0,Resolved,4
1143,8,3,2026-02-16 08:01:00,2026-02-16 08:06:00,2026-02-16 11:22:00,Email,Order Change,Normal,1,0,Resolved,5
1144,37,4,2026-03-04 17:29:00,2026-03-04 17:58:00,2026-03-04 20:16:00,Chat,Payment Question,Normal,1,0,Resolved,5
1145,76,1,2026-01-24 18:05:00,2026-01-24 18:25:00,2026-01-24 20:03:00,Chat,Package Recommendation,Normal,1,0,Resolved,5
1146,156,3,2026-01-13 17:16:00,2026-01-13 17:55:00,2026-01-13 19:22:00,Chat,Payment Question,Normal,0,0,Resolved,
1147,10,1,2026-04-03 19:50:00,2026-04-03 20:18:00,2026-04-04 01:46:00,Email,Cancellation,Low,1,0,Resolved,3
1148,70,2,2026-04-27 16:45:00,2026-04-27 16:57:00,2026-04-27 18:35:00,Web Form,Order Change,Normal,1,0,Resolved,5
1149,34,4,2026-04-28 08:56:00,2026-04-28 09:10:00,2026-04-28 10:42:00,Chat,Account Access,Normal,1,0,Resolved,5
1150,125,2,2026-06-29 10:34:00,2026-06-29 10:43:00,2026-06-29 18:12:00,Chat,Delayed Flight,Low,1,0,Resolved,3
1151,16,1,2026-04-02 11:25:00,2026-04-02 12:00:00,2026-04-02 14:30:00,Email,Order Change,Low,1,0,Resolved,5
1152,52,4,2026-01-22 08:12:00,2026-01-22 08:17:00,2026-01-22 10:39:00,Chat,Order Change,Normal,1,0,Resolved,
1153,31,1,2026-02-20 15:34:00,2026-02-20 18:21:00,2026-02-20 20:08:00,Chat,Cancellation,High,0,0,Resolved,3
1154,14,5,2026-06-03 17:38:00,2026-06-03 18:57:00,2026-06-04 13:35:00,Chat,Delayed Flight,Normal,0,1,Resolved,2
1155,134,4,2026-04-21 12:02:00,2026-04-21 12:16:00,2026-04-21 14:40:00,Web Form,Payment Question,High,1,0,Resolved,5
1156,159,2,2026-01-18 14:54:00,2026-01-18 16:54:00,2026-01-18 18:34:00,Email,Payment Question,Normal,0,0,Resolved,5
1157,125,2,2026-04-07 13:43:00,2026-04-07 13:51:00,2026-04-07 18:49:00,Phone,Payment Question,Normal,0,0,Resolved,4
1158,114,1,2026-06-16 16:01:00,2026-06-16 16:30:00,2026-06-16 22:49:00,Email,Cancellation,High,1,1,Resolved,
1159,41,1,2026-03-12 12:08:00,2026-03-12 14:20:00,2026-03-12 17:31:00,Email,Travel Agent Support,High,0,0,Resolved,4
1160,88,2,2026-01-13 12:54:00,2026-01-13 13:24:00,2026-01-13 17:15:00,Chat,Cancellation,High,1,0,Resolved,4
1161,70,1,2026-01-03 11:52:00,2026-01-03 12:35:00,2026-01-03 16:25:00,Web Form,Payment Question,Normal,0,0,Resolved,
1162,83,3,2026-04-14 15:46:00,2026-04-14 15:53:00,2026-04-14 18:31:00,Phone,Package Recommendation,High,0,0,Resolved,
1163,172,3,2026-04-15 08:42:00,2026-04-15 11:43:00,2026-04-16 00:22:00,Chat,Travel Agent Support,Low,0,1,Resolved,2
1164,90,4,2026-06-20 08:04:00,2026-06-20 10:07:00,2026-06-20 13:37:00,Email,Order Change,Low,0,0,Resolved,4
1165,157,1,2026-05-23 10:09:00,2026-05-23 10:17:00,2026-05-23 11:22:00,Email,Payment Question,Normal,1,0,Resolved,4
1166,23,3,2026-03-06 18:13:00,2026-03-06 18:34:00,2026-03-07 01:10:00,Chat,Travel Agent Support,Normal,0,0,Resolved,4
1167,155,2,2026-01-19 16:52:00,2026-01-19 19:37:00,2026-01-19 23:32:00,Web Form,Delayed Flight,Normal,0,0,Resolved,3
1168,114,2,2026-03-03 13:11:00,2026-03-03 16:21:00,2026-03-03 14:12:00,Chat,Account Access,Normal,0,0,Resolved,
1169,168,2,2026-03-13 14:22:00,2026-03-13 14:40:00,2026-03-13 18:16:00,Chat,Payment Question,Normal,1,0,Resolved,5
1170,101,3,2026-02-09 19:18:00,2026-02-09 19:20:00,2026-02-09 21:56:00,Web Form,Account Access,Normal,1,1,Resolved,4
1171,41,3,2026-05-10 15:41:00,2026-05-10 15:47:00,2026-05-10 18:56:00,Chat,Order Change,Normal,1,0,Resolved,5
1172,163,4,2026-06-27 18:49:00,2026-06-27 18:50:00,2026-06-28 02:11:00,Phone,Delayed Flight,Normal,0,0,Resolved,4
1173,172,4,2026-02-21 19:58:00,2026-02-21 20:28:00,2026-02-21 21:01:00,Email,Account Access,Normal,1,0,Resolved,5
1174,76,3,2026-05-23 18:05:00,2026-05-23 18:14:00,2026-05-23 21:02:00,Email,Package Recommendation,Low,1,0,Resolved,5
1175,66,3,2026-05-15 11:01:00,2026-05-15 11:09:00,2026-05-15 12:20:00,Email,Payment Question,Normal,1,0,Resolved,5
1176,110,4,2026-05-27 12:52:00,2026-05-27 14:22:00,2026-05-27 18:17:00,Email,Travel Agent Support,Normal,0,0,Resolved,4
1177,125,2,2026-06-29 14:44:00,2026-06-29 14:52:00,2026-06-29 16:44:00,Chat,Cancellation,High,1,0,Resolved,5
1178,77,1,2026-06-26 16:30:00,2026-06-26 16:59:00,2026-06-26 19:32:00,Chat,Travel Agent Support,Low,1,0,Resolved,5
1179,3,5,2026-04-30 09:04:00,2026-04-30 10:00:00,2026-04-30 16:31:00,Email,Travel Agent Support,Normal,0,1,Resolved,
1180,38,2,2026-05-30 10:42:00,2026-05-30 11:18:00,2026-05-30 22:01:00,Email,Travel Agent Support,Low,0,1,Resolved,2
1181,149,3,2026-01-06 16:44:00,2026-01-06 17:08:00,2026-01-06 17:56:00,Email,Payment Question,Normal,1,0,Resolved,
1182,134,3,2026-04-15 17:49:00,2026-04-15 17:53:00,2026-04-15 22:42:00,Phone,Order Change,Normal,0,0,Resolved,4
1183,141,4,2026-01-17 18:17:00,2026-01-17 18:47:00,2026-01-17 19:00:00,Email,Account Access,Normal,1,0,Resolved,5
1184,115,4,2026-01-27 17:45:00,2026-01-27 18:20:00,,Email,Package Recommendation,Normal,0,0,Open,
1185,46,5,2026-05-23 19:03:00,2026-05-23 19:08:00,2026-05-24 00:14:00,Chat,Order Change,Low,1,1,Resolved,2
1186,93,3,2026-06-11 16:15:00,2026-06-11 19:00:00,2026-06-12 05:55:00,Chat,Cancellation,Low,0,1,Resolved,1
1187,45,1,2026-06-14 08:04:00,2026-06-14 08:18:00,2026-06-14 09:53:00,Chat,Order Change,Normal,1,0,Resolved,
1188,46,3,2026-06-24 19:44:00,2026-06-24 20:07:00,2026-06-24 21:31:00,Chat,Account Access,Normal,1,0,Resolved,5
1189,64,2,2026-04-07 14:22:00,2026-04-07 14:26:00,2026-04-07 16:04:00,Chat,Package Recommendation,Low,1,0,Resolved,4
1190,125,3,2026-02-20 08:52:00,2026-02-20 09:03:00,2026-02-20 13:49:00,Chat,Order Change,Normal,1,0,Resolved,5
1191,43,2,2026-03-01 08:38:00,2026-03-01 08:46:00,2026-03-01 15:15:00,Phone,Travel Agent Support,Normal,0,0,Resolved,4
1192,45,1,2026-03-19 16:49:00,2026-03-19 17:00:00,2026-03-19 17:51:00,Chat,Package Recommendation,Normal,1,0,Resolved,5
1193,97,4,2026-02-23 12:04:00,2026-02-23 12:21:00,2026-02-23 16:18:00,Email,Travel Agent Support,Normal,1,0,Resolved,
1194,37,4,2026-06-30 15:51:00,2026-06-30 15:56:00,2026-06-30 23:54:00,Phone,Order Change,Normal,0,0,Resolved,5
1195,109,4,2026-02-22 19:03:00,2026-02-22 19:26:00,2026-02-22 20:49:00,Web Form,Package Recommendation,Low,1,0,Resolved,5
1196,105,1,2026-03-18 15:30:00,2026-03-18 15:42:00,2026-03-18 17:08:00,Chat,Package Recommendation,Normal,1,0,Resolved,
1197,63,4,2026-03-26 15:30:00,2026-03-26 17:52:00,2026-03-26 17:54:00,Chat,Account Access,Normal,0,0,Resolved,5
1198,153,2,2026-02-24 16:01:00,2026-02-24 16:33:00,2026-02-24 19:44:00,Web Form,Delayed Flight,Normal,1,0,Resolved,5
1199,118,1,2026-03-29 14:20:00,2026-03-29 14:43:00,2026-03-29 16:41:00,Email,Account Access,Normal,1,0,Resolved,5
1200,68,2,2026-05-06 08:07:00,2026-05-06 08:14:00,2026-05-06 09:42:00,Phone,Package Recommendation,Normal,0,0,Resolved,4
1201,70,1,2026-05-15 09:07:00,2026-05-15 09:19:00,2026-05-15 11:28:00,Chat,Account Access,Normal,1,0,Resolved,5
1202,99,2,2026-01-02 16:34:00,2026-01-02 18:23:00,2026-01-03 00:20:00,Chat,Cancellation,Normal,0,0,Resolved,3
1203,174,4,2026-01-09 17:28:00,2026-01-09 18:03:00,2026-01-09 21:36:00,Chat,Order Change,High,1,0,Resolved,
1204,20,2,2026-02-15 19:45:00,2026-02-15 20:18:00,2026-02-15 21:05:00,Chat,Payment Question,High,1,0,Resolved,5
1205,8,4,2026-06-07 09:53:00,2026-06-07 10:13:00,2026-06-07 11:28:00,Web Form,Account Access,High,1,0,Resolved,5
1206,88,1,2026-01-07 14:59:00,2026-01-07 15:03:00,2026-01-07 16:29:00,Chat,Account Access,Normal,1,0,Resolved,
1207,148,4,2026-05-20 09:42:00,2026-05-20 09:43:00,2026-05-20 13:28:00,Phone,Package Recommendation,Low,0,0,Resolved,5
1208,42,3,2026-02-19 18:48:00,2026-02-19 18:57:00,2026-02-19 19:59:00,Web Form,Account Access,Normal,1,0,Resolved,5
1209,97,2,2026-01-13 15:43:00,2026-01-13 15:47:00,2026-01-13 18:24:00,Phone,Travel Agent Support,High,0,0,Resolved,
1210,85,3,2026-01-11 15:05:00,2026-01-11 15:38:00,2026-01-11 23:44:00,Web Form,Cancellation,High,0,0,Resolved,4
1211,51,4,2026-02-05 14:44:00,2026-02-05 14:46:00,2026-02-05 15:37:00,Web Form,Account Access,Low,1,0,Resolved,5
1212,128,5,2026-04-29 17:10:00,2026-04-29 17:18:00,,Chat,Cancellation,Low,1,1,Open,
1213,156,3,2026-05-01 13:23:00,2026-05-01 13:44:00,2026-05-01 18:58:00,Email,Travel Agent Support,Normal,1,0,Resolved,
1214,27,3,2026-02-11 10:25:00,2026-02-11 12:07:00,2026-02-11 16:05:00,Chat,Order Change,Normal,0,0,Resolved,4
1215,100,3,2026-06-19 10:12:00,2026-06-19 10:39:00,2026-06-19 12:43:00,Chat,Payment Question,Normal,1,0,Resolved,
1216,150,3,2026-06-15 09:28:00,2026-06-15 09:34:00,2026-06-15 11:16:00,Phone,Package Recommendation,Normal,0,0,Resolved,5
1217,50,1,2026-01-21 12:04:00,2026-01-21 13:01:00,2026-01-21 14:34:00,Chat,Travel Agent Support,High,0,0,Resolved,5
1218,90,1,2026-04-01 16:36:00,2026-04-01 16:43:00,2026-04-01 18:47:00,Email,Account Access,Normal,1,0,Resolved,5
1219,141,3,2026-03-29 16:40:00,2026-03-29 16:47:00,2026-03-29 19:24:00,Email,Package Recommendation,Low,1,0,Resolved,5
1220,50,2,2026-02-12 12:50:00,2026-02-12 13:09:00,2026-02-12 15:25:00,Email,Account Access,Normal,0,0,Resolved,5
1221,90,2,2026-06-18 09:40:00,2026-06-18 10:12:00,2026-06-18 11:06:00,Email,Account Access,High,1,0,Resolved,5
1222,145,3,2026-02-01 16:18:00,2026-02-01 16:43:00,2026-02-01 18:48:00,Chat,Account Access,Normal,1,0,Resolved,4
1223,108,4,2026-06-08 13:04:00,2026-06-08 13:38:00,2026-06-08 15:17:00,Chat,Account Access,Normal,1,0,Resolved,
1224,39,2,2026-02-18 19:09:00,2026-02-18 19:42:00,2026-02-18 19:52:00,Chat,Account Access,High,1,0,Resolved,5
1225,13,3,2026-01-27 15:13:00,2026-01-27 15:49:00,2026-01-27 16:20:00,Web Form,Account Access,High,0,0,Resolved,
1226,58,3,2026-04-16 19:34:00,2026-04-16 19:57:00,,Chat,Account Access,Low,1,0,Open,
1227,178,4,2026-06-28 10:47:00,2026-06-28 11:08:00,2026-06-28 11:33:00,Email,Account Access,Normal,1,0,Resolved,5
1228,124,4,2026-01-14 15:15:00,2026-01-14 15:49:00,2026-01-14 16:50:00,Web Form,Package Recommendation,Normal,1,0,Resolved,5
1229,141,4,2026-06-16 11:03:00,2026-06-16 11:12:00,2026-06-16 15:22:00,Chat,Payment Question,Low,1,0,Resolved,
1230,150,4,2026-03-29 12:35:00,2026-03-29 12:45:00,2026-03-29 16:36:00,Chat,Payment Question,Normal,1,0,Resolved,5
1231,106,1,2026-02-18 11:39:00,2026-02-18 11:45:00,2026-02-18 14:42:00,Email,Payment Question,Normal,1,0,Resolved,4
1232,27,4,2026-05-21 15:16:00,2026-05-21 15:53:00,2026-05-21 18:24:00,Chat,Cancellation,Low,0,0,Resolved,
1233,165,3,2026-02-09 15:04:00,2026-02-09 15:25:00,2026-02-09 17:57:00,Chat,Cancellation,Normal,1,0,Resolved,5
1234,43,3,2026-06-02 12:25:00,2026-06-02 12:29:00,2026-06-02 16:47:00,Web Form,Travel Agent Support,Normal,1,0,Resolved,
1235,147,1,2026-06-21 15:23:00,2026-06-21 15:39:00,2026-06-21 19:01:00,Web Form,Cancellation,Normal,1,0,Resolved,
1236,56,2,2026-01-12 15:34:00,2026-01-12 16:03:00,2026-01-12 19:26:00,Chat,Travel Agent Support,Low,1,0,Resolved,5
1237,147,2,2026-05-23 14:25:00,2026-05-23 15:00:00,,Chat,Cancellation,Normal,0,1,Open,
1238,29,2,2026-02-23 16:11:00,2026-02-23 17:02:00,2026-02-23 18:20:00,Chat,Travel Agent Support,High,0,0,Resolved,5
1239,115,2,2026-02-27 13:18:00,2026-02-27 13:40:00,2026-02-27 16:18:00,Web Form,Package Recommendation,Low,1,0,Resolved,4
1240,85,1,2026-06-03 11:55:00,2026-06-03 12:01:00,2026-06-03 18:18:00,Web Form,Cancellation,Low,1,0,Resolved,5
1241,26,1,2026-06-07 10:17:00,2026-06-07 10:20:00,2026-06-07 12:16:00,Email,Cancellation,Normal,1,0,Resolved,
1242,83,2,2026-05-31 09:54:00,2026-05-31 09:59:00,2026-05-31 13:43:00,Email,Payment Question,High,1,1,Resolved,4
1243,102,1,2026-04-27 14:25:00,2026-04-27 16:55:00,2026-04-27 23:57:00,Chat,Delayed Flight,Low,0,0,Resolved,5
1244,71,1,2026-02-28 08:55:00,2026-02-28 09:25:00,2026-02-28 14:40:00,Chat,Cancellation,High,1,0,Resolved,4
1245,164,3,2026-06-25 18:03:00,2026-06-25 18:20:00,2026-06-25 21:09:00,Email,Account Access,Normal,1,1,Resolved,
1246,158,5,2026-02-08 18:53:00,2026-02-08 19:00:00,2026-02-09 01:00:00,Web Form,Travel Agent Support,Normal,1,1,Resolved,2
1247,171,3,2026-02-02 10:18:00,2026-02-02 12:09:00,2026-02-02 11:36:00,Email,Account Access,Normal,0,0,Resolved,5
1248,81,4,2026-05-25 09:53:00,2026-05-25 10:01:00,2026-05-25 12:03:00,Phone,Order Change,Normal,0,0,Resolved,5
1249,91,3,2026-05-29 15:32:00,2026-05-29 15:44:00,,Chat,Cancellation,Normal,1,0,Open,
1250,63,2,2026-01-19 11:51:00,2026-01-19 12:41:00,2026-01-19 16:00:00,Chat,Travel Agent Support,Normal,0,0,Resolved,3
1251,75,2,2026-05-12 18:30:00,2026-05-12 18:49:00,2026-05-12 19:56:00,Chat,Account Access,Normal,1,0,Resolved,
1252,39,2,2026-01-18 15:09:00,2026-01-18 16:31:00,2026-01-18 18:53:00,Chat,Package Recommendation,Normal,0,0,Resolved,5
1253,171,1,2026-05-21 11:38:00,2026-05-21 11:55:00,2026-05-21 13:44:00,Email,Package Recommendation,Normal,1,0,Resolved,5
1254,160,2,2026-06-06 13:53:00,2026-06-06 15:52:00,2026-06-06 19:59:00,Email,Order Change,Normal,0,0,Resolved,
1255,43,3,2026-06-07 18:07:00,2026-06-07 18:36:00,2026-06-07 22:16:00,Web Form,Order Change,High,1,0,Resolved,4
1256,118,4,2026-06-12 18:13:00,2026-06-12 18:36:00,2026-06-12 21:36:00,Web Form,Order Change,Normal,1,0,Resolved,5
1257,123,3,2026-05-06 15:24:00,2026-05-06 15:30:00,2026-05-07 01:27:00,Phone,Cancellation,Normal,0,0,Resolved,3
1258,156,3,2026-03-15 14:06:00,2026-03-15 16:13:00,,Email,Cancellation,Normal,0,0,Open,
1259,82,3,2026-05-22 15:41:00,2026-05-22 15:46:00,2026-05-22 18:10:00,Phone,Order Change,Normal,0,0,Resolved,5
1260,100,5,2026-05-28 14:08:00,2026-05-28 14:16:00,2026-05-28 22:26:00,Phone,Cancellation,Low,0,1,Resolved,
1261,101,1,2026-04-24 15:05:00,2026-04-24 15:13:00,2026-04-24 17:29:00,Chat,Package Recommendation,Low,1,0,Resolved,
1262,35,1,2026-01-23 16:29:00,2026-01-23 16:34:00,2026-01-23 22:24:00,Phone,Payment Question,Normal,0,0,Resolved,4
1263,124,1,2026-03-01 08:53:00,2026-03-01 09:18:00,2026-03-01 10:33:00,Email,Order Change,Normal,1,0,Resolved,5
1264,101,2,2026-06-09 12:54:00,2026-06-09 12:59:00,2026-06-09 15:50:00,Phone,Account Access,Low,0,0,Resolved,5
1265,2,2,2026-03-18 16:14:00,2026-03-18 16:30:00,2026-03-18 18:37:00,Chat,Package Recommendation,High,1,0,Resolved,
1266,50,4,2026-06-27 13:51:00,2026-06-27 13:53:00,,Email,Order Change,Normal,1,0,Open,
1267,167,4,2026-03-03 16:53:00,2026-03-03 17:28:00,2026-03-03 19:16:00,Email,Payment Question,Normal,1,0,Resolved,4
1268,118,2,2026-01-13 15:41:00,2026-01-13 16:16:00,2026-01-13 17:49:00,Chat,Package Recommendation,Low,1,0,Resolved,5
1269,145,3,2026-03-27 11:19:00,2026-03-27 11:27:00,2026-03-27 16:04:00,Email,Order Change,Normal,1,0,Resolved,4
1270,10,3,2026-06-26 13:25:00,2026-06-26 13:33:00,2026-06-26 19:58:00,Web Form,Delayed Flight,Normal,1,0,Resolved,4
1271,178,4,2026-02-20 08:32:00,2026-02-20 08:48:00,,Email,Cancellation,High,1,0,Open,
1272,174,5,2026-06-17 10:45:00,2026-06-17 11:00:00,2026-06-17 19:51:00,Email,Order Change,Normal,1,1,Resolved,3
1273,180,3,2026-02-11 08:34:00,2026-02-11 09:03:00,2026-02-11 10:19:00,Chat,Package Recommendation,High,1,0,Resolved,
1274,76,4,2026-05-26 15:27:00,2026-05-26 15:53:00,,Email,Package Recommendation,Normal,1,0,Open,
1275,54,5,2026-04-05 11:31:00,2026-04-05 11:33:00,2026-04-05 21:31:00,Web Form,Cancellation,Normal,1,1,Resolved,4
1276,9,4,2026-01-23 12:37:00,2026-01-23 15:15:00,2026-01-23 16:53:00,Web Form,Payment Question,Normal,0,0,Resolved,4
1277,177,3,2026-04-14 14:36:00,2026-04-14 15:10:00,2026-04-14 17:53:00,Email,Order Change,High,1,0,Resolved,
1278,56,5,2026-05-06 17:51:00,2026-05-06 18:16:00,2026-05-06 21:18:00,Email,Payment Question,Low,1,1,Resolved,4
1279,23,4,2026-05-04 09:35:00,2026-05-04 11:12:00,2026-05-04 13:23:00,Web Form,Package Recommendation,Low,0,0,Resolved,
1280,129,1,2026-02-03 13:36:00,2026-02-03 14:01:00,2026-02-03 15:11:00,Email,Account Access,Low,1,0,Resolved,5
1281,83,4,2026-04-23 18:29:00,2026-04-23 18:55:00,2026-04-24 04:40:00,Chat,Delayed Flight,High,1,1,Resolved,
1282,3,2,2026-06-30 18:41:00,2026-06-30 19:23:00,2026-07-01 02:51:00,Email,Travel Agent Support,Normal,0,0,Resolved,
1283,48,2,2026-03-02 08:23:00,2026-03-02 08:53:00,2026-03-02 10:23:00,Email,Account Access,Normal,1,0,Resolved,5
1284,103,4,2026-02-16 09:55:00,2026-02-16 09:57:00,2026-02-16 12:43:00,Web Form,Package Recommendation,Normal,1,0,Resolved,5
1285,6,2,2026-03-28 18:47:00,2026-03-28 20:03:00,2026-03-29 00:38:00,Web Form,Delayed Flight,High,0,0,Resolved,3
1286,16,3,2026-03-29 13:14:00,2026-03-29 14:44:00,2026-03-30 01:15:00,Email,Cancellation,High,0,1,Resolved,2
1287,143,3,2026-06-13 08:42:00,2026-06-13 09:05:00,2026-06-13 12:33:00,Chat,Payment Question,Normal,1,0,Resolved,5
1288,85,3,2026-06-19 12:54:00,2026-06-19 13:02:00,2026-06-19 14:41:00,Chat,Travel Agent Support,High,1,0,Resolved,
1289,98,1,2026-06-13 10:28:00,2026-06-13 13:14:00,2026-06-13 13:09:00,Web Form,Payment Question,Low,0,0,Resolved,5
1290,166,3,2026-01-08 18:37:00,2026-01-08 18:41:00,2026-01-08 21:46:00,Phone,Order Change,Normal,0,0,Resolved,4
1291,80,5,2026-02-25 12:58:00,2026-02-25 14:00:00,2026-02-26 00:54:00,Email,Order Change,Normal,0,1,Resolved,1
1292,122,4,2026-03-15 12:10:00,2026-03-15 13:52:00,2026-03-15 16:07:00,Chat,Payment Question,Normal,0,0,Resolved,5
1293,102,4,2026-06-11 15:58:00,2026-06-11 16:08:00,2026-06-11 17:34:00,Email,Account Access,Normal,1,0,Resolved,5
1294,160,1,2026-01-18 15:06:00,2026-01-18 15:34:00,2026-01-18 16:33:00,Email,Account Access,Normal,1,0,Resolved,
1295,136,1,2026-04-23 13:38:00,2026-04-23 13:39:00,2026-04-23 16:05:00,Phone,Order Change,High,0,0,Resolved,5
1296,12,3,2026-05-20 09:47:00,2026-05-20 10:35:00,2026-05-20 21:49:00,Web Form,Delayed Flight,Normal,0,0,Resolved,3
1297,112,2,2026-06-05 16:42:00,2026-06-05 16:53:00,2026-06-05 21:04:00,Chat,Cancellation,Normal,1,0,Resolved,
1298,101,5,2026-02-20 09:05:00,2026-02-20 09:29:00,2026-02-20 13:07:00,Chat,Payment Question,Normal,1,1,Resolved,4
1299,83,1,2026-04-24 10:50:00,2026-04-24 10:56:00,2026-04-24 13:02:00,Email,Account Access,Normal,1,0,Resolved,5
1300,83,1,2026-02-06 12:20:00,2026-02-06 12:24:00,,Phone,Delayed Flight,Normal,0,0,Open,
1301,58,2,2026-03-03 13:59:00,2026-03-03 14:08:00,2026-03-03 18:59:00,Email,Order Change,Normal,1,0,Resolved,3
1302,63,4,2026-03-09 10:17:00,2026-03-09 10:52:00,2026-03-09 15:38:00,Chat,Travel Agent Support,Low,1,0,Resolved,4
1303,143,4,2026-04-13 18:19:00,2026-04-13 18:43:00,2026-04-13 23:03:00,Chat,Order Change,Normal,1,0,Resolved,4
1304,73,1,2026-06-23 16:24:00,2026-06-23 16:29:00,2026-06-23 17:30:00,Email,Account Access,Normal,1,0,Resolved,5
1305,14,1,2026-05-27 17:54:00,2026-05-27 18:15:00,2026-05-28 00:37:00,Email,Travel Agent Support,High,0,0,Resolved,
1306,62,1,2026-03-28 16:02:00,2026-03-28 16:21:00,2026-03-28 22:39:00,Web Form,Travel Agent Support,Normal,1,0,Resolved,4
1307,115,2,2026-03-03 16:20:00,2026-03-03 16:38:00,2026-03-03 22:52:00,Chat,Delayed Flight,Normal,1,0,Resolved,4
1308,158,4,2026-05-20 15:00:00,2026-05-20 15:12:00,2026-05-20 17:08:00,Chat,Travel Agent Support,Normal,1,0,Resolved,5
1309,77,3,2026-02-05 13:12:00,2026-02-05 14:49:00,2026-02-05 20:01:00,Chat,Order Change,Normal,0,0,Resolved,4
1310,50,3,2026-02-25 17:20:00,2026-02-25 18:59:00,,Web Form,Delayed Flight,Normal,0,0,Open,
1311,163,1,2026-03-03 18:47:00,2026-03-03 18:53:00,2026-03-03 23:07:00,Chat,Payment Question,Normal,1,0,Resolved,5
1312,150,4,2026-04-10 15:21:00,2026-04-10 15:23:00,2026-04-10 17:38:00,Chat,Package Recommendation,Normal,1,0,Resolved,4
1313,141,1,2026-04-17 17:09:00,2026-04-17 17:37:00,2026-04-17 19:26:00,Email,Payment Question,High,1,0,Resolved,5
1314,169,2,2026-02-03 09:03:00,2026-02-03 09:37:00,2026-02-03 14:00:00,Email,Delayed Flight,High,1,0,Resolved,4
1315,148,1,2026-04-28 11:05:00,2026-04-28 11:13:00,2026-04-28 14:59:00,Email,Travel Agent Support,Normal,1,0,Resolved,5
1316,43,4,2026-03-02 10:41:00,2026-03-02 13:20:00,2026-03-02 16:17:00,Web Form,Travel Agent Support,Normal,0,0,Resolved,4
1317,104,3,2026-05-24 15:45:00,2026-05-24 17:03:00,2026-05-24 19:17:00,Chat,Package Recommendation,Normal,0,0,Resolved,5
1318,68,4,2026-04-14 16:21:00,2026-04-14 16:51:00,2026-04-14 18:12:00,Chat,Payment Question,Normal,1,0,Resolved,5
1319,132,3,2026-01-03 15:04:00,2026-01-03 18:08:00,2026-01-03 18:23:00,Chat,Account Access,Normal,0,1,Resolved,5
1320,153,2,2026-02-27 09:43:00,2026-02-27 09:54:00,2026-02-27 11:18:00,Chat,Account Access,Normal,1,0,Resolved,5
1321,160,2,2026-03-02 08:08:00,2026-03-02 09:29:00,2026-03-02 12:50:00,Chat,Payment Question,Normal,0,0,Resolved,4
1322,85,2,2026-03-06 19:14:00,2026-03-06 19:41:00,2026-03-06 20:05:00,Chat,Package Recommendation,Normal,1,0,Resolved,5
1323,166,1,2026-06-15 13:06:00,2026-06-15 13:10:00,2026-06-15 16:39:00,Phone,Payment Question,High,0,0,Resolved,5
1324,77,3,2026-06-03 12:48:00,2026-06-03 12:55:00,2026-06-03 15:50:00,Email,Package Recommendation,Normal,1,0,Resolved,5
1325,141,3,2026-01-15 15:11:00,2026-01-15 16:41:00,2026-01-15 21:51:00,Chat,Travel Agent Support,Normal,0,0,Resolved,5
1326,110,4,2026-01-26 14:55:00,2026-01-26 15:05:00,2026-01-26 17:16:00,Chat,Account Access,Normal,1,0,Resolved,
1327,76,5,2026-05-01 18:57:00,2026-05-01 19:07:00,2026-05-01 23:04:00,Chat,Cancellation,Normal,1,1,Resolved,2
1328,18,2,2026-03-03 18:41:00,2026-03-03 21:03:00,2026-03-03 21:05:00,Email,Account Access,Normal,0,0,Resolved,
1329,100,4,2026-05-02 15:10:00,2026-05-02 15:21:00,2026-05-02 17:40:00,Web Form,Package Recommendation,Normal,1,0,Resolved,5
1330,80,3,2026-06-28 18:47:00,2026-06-28 19:19:00,2026-06-28 20:30:00,Email,Account Access,Normal,0,0,Resolved,5
1331,108,3,2026-06-28 09:29:00,2026-06-28 09:57:00,,Email,Order Change,Normal,1,0,Open,
1332,167,3,2026-05-28 13:59:00,2026-05-28 14:15:00,,Email,Delayed Flight,Normal,1,0,Open,
1333,136,5,2026-03-03 08:19:00,2026-03-03 08:45:00,2026-03-03 11:31:00,Chat,Account Access,High,1,1,Resolved,4
1334,11,2,2026-02-13 16:30:00,2026-02-13 16:53:00,2026-02-13 17:29:00,Email,Account Access,Low,1,0,Resolved,
1335,148,5,2026-04-22 11:53:00,2026-04-22 14:30:00,2026-04-23 02:22:00,Email,Delayed Flight,Normal,0,1,Resolved,
1336,20,1,2026-01-29 17:38:00,2026-01-29 17:44:00,2026-01-29 19:20:00,Email,Package Recommendation,Normal,1,0,Resolved,4
1337,109,1,2026-01-06 10:08:00,2026-01-06 10:17:00,2026-01-06 12:14:00,Email,Account Access,Normal,1,0,Resolved,5
1338,170,1,2026-02-15 16:35:00,2026-02-15 17:58:00,2026-02-16 02:02:00,Email,Cancellation,Normal,0,0,Resolved,4
1339,46,1,2026-03-07 12:42:00,2026-03-07 12:46:00,2026-03-07 15:24:00,Phone,Order Change,Normal,0,0,Resolved,4
1340,60,1,2026-04-12 15:49:00,2026-04-12 16:23:00,2026-04-12 18:29:00,Email,Cancellation,Normal,1,0,Resolved,4
1341,83,3,2026-02-02 10:13:00,2026-02-02 10:24:00,2026-02-02 14:09:00,Chat,Payment Question,Normal,1,0,Resolved,5
1342,173,1,2026-05-25 09:23:00,2026-05-25 09:44:00,2026-05-25 12:37:00,Email,Payment Question,Normal,1,0,Resolved,5
1343,103,4,2026-05-05 11:26:00,2026-05-05 12:01:00,2026-05-05 12:59:00,Web Form,Payment Question,High,1,0,Resolved,5
1344,41,1,2026-03-09 15:57:00,2026-03-09 16:01:00,2026-03-09 18:13:00,Email,Account Access,Normal,1,0,Resolved,5
1345,103,4,2026-03-11 17:26:00,2026-03-11 19:32:00,2026-03-12 05:22:00,Web Form,Delayed Flight,Normal,0,1,Resolved,2
1346,139,4,2026-03-09 19:58:00,2026-03-09 21:26:00,2026-03-10 07:31:00,Chat,Order Change,Low,0,1,Resolved,2
1347,118,4,2026-01-23 08:50:00,2026-01-23 09:25:00,2026-01-23 09:36:00,Chat,Account Access,Normal,1,0,Resolved,5
1348,157,1,2026-03-30 09:51:00,2026-03-30 12:39:00,2026-03-30 11:44:00,Email,Package Recommendation,Normal,0,0,Resolved,5
1349,115,3,2026-05-18 11:59:00,2026-05-18 12:23:00,,Web Form,Account Access,Normal,1,0,Open,
1350,21,4,2026-06-30 12:18:00,2026-06-30 12:49:00,2026-06-30 16:30:00,Web Form,Order Change,Normal,1,0,Resolved,4
1351,128,1,2026-05-19 11:21:00,2026-05-19 11:34:00,2026-05-19 13:46:00,Email,Account Access,Normal,1,0,Resolved,5
1352,143,5,2026-03-30 19:37:00,2026-03-30 19:59:00,2026-03-30 23:08:00,Email,Travel Agent Support,High,1,1,Resolved,3
1353,48,4,2026-03-24 16:01:00,2026-03-24 18:07:00,2026-03-25 03:26:00,Email,Delayed Flight,Normal,0,0,Resolved,
1354,17,1,2026-05-30 17:39:00,2026-05-30 18:08:00,2026-05-30 21:31:00,Email,Payment Question,Normal,1,0,Resolved,5
1355,10,4,2026-02-18 16:22:00,2026-02-18 16:40:00,2026-02-18 21:51:00,Chat,Cancellation,Normal,1,0,Resolved,4
1356,3,5,2026-01-28 08:15:00,2026-01-28 08:23:00,2026-01-28 12:42:00,Email,Travel Agent Support,Normal,1,1,Resolved,3
1357,155,3,2026-04-06 15:08:00,2026-04-06 15:26:00,2026-04-06 19:16:00,Email,Payment Question,Normal,1,0,Resolved,5
1358,136,2,2026-01-13 11:59:00,2026-01-13 12:32:00,2026-01-13 13:31:00,Email,Package Recommendation,Low,1,0,Resolved,4
1359,88,1,2026-03-29 13:32:00,2026-03-29 15:04:00,2026-03-29 19:54:00,Chat,Delayed Flight,Normal,0,0,Resolved,4
1360,148,1,2026-01-07 16:38:00,2026-01-07 16:58:00,2026-01-07 21:45:00,Chat,Travel Agent Support,Low,0,0,Resolved,4
